<?xml version="1.0" encoding="UTF-8"?>
<lom xmlns="http://ltsc.ieee.org/xsd/LOM" xmlns:xsi="http://www.w3.org/2001/XMLSchema-instance" xsi:schemaLocation="http://ltsc.ieee.org/xsd/LOM lomCustom.xsd"><general uniqueElementName="general"><identifier><catalog uniqueElementName="catalog">My Catalog</catalog><entry uniqueElementName="entry">4a7d755e-34a5-410a-a7d4-601881136623</entry></identifier><title><string language="es">Proyecto de robótica educativa "Juego de Operando"</string></title><language>es</language><description><string language="es">GRUPO VI: es un recurso didáctico interactivo que combina robótica y matemáticas. Utiliza Arduino, pantalla LCD, botones y buzzer para resolver operaciones matemáticas y favorece el aprendizaje lúdico, el pensamiento lógico y la motivación mediante retroalimentación visual y sonora.</string></description><aggregationLevel uniqueElementName="aggregationLevel"><source uniqueElementName="source">LOM-ESv1.0</source><value uniqueElementName="value">2</value></aggregationLevel></general><lifeCycle><contribute><role uniqueElementName="role"><source uniqueElementName="source">LOM-ESv1.0</source><value uniqueElementName="value">author</value></role><entity>BEGIN:VCARD VERSION:3.0 FN:Haida Daniela Abad Meneses, Ximena Alexandra Culquicondor Cojitambo, Edwin Fernando Lapo Díaz y Jardel Steven Huiñaguaso Viñan EMAIL;TYPE=INTERNET: ORG: END:VCARD</entity><date><dateTime uniqueElementName="dateTime">2026-02-06T08:05:48.00-05:00</dateTime><description><string language="es">Fecha de creación de los metadatos</string></description></date></contribute></lifeCycle><metaMetadata uniqueElementName="metaMetadata"><contribute><role uniqueElementName="role"><source uniqueElementName="source">LOM-ESv1.0</source><value uniqueElementName="value">creator</value></role><entity>BEGIN:VCARD VERSION:3.0 FN:Haida Daniela Abad Meneses, Ximena Alexandra Culquicondor Cojitambo, Edwin Fernando Lapo Díaz y Jardel Steven Huiñaguaso Viñan EMAIL;TYPE=INTERNET: ORG: END:VCARD</entity><date><dateTime uniqueElementName="dateTime">2026-02-06T08:05:48.00-05:00</dateTime><description><string language="es">Fecha de creación de los metadatos</string></description></date></contribute><contribute><role uniqueElementName="role"><source uniqueElementName="source">LOM-ESv1.0</source><value uniqueElementName="value">creator</value></role><entity>BEGIN:VCARD VERSION:3.0 FN:Haida Daniela Abad Meneses, Ximena Alexandra Culquicondor Cojitambo, Edwin Fernando Lapo Díaz y Jardel Steven Huiñaguaso Viñan EMAIL;TYPE=INTERNET: ORG: END:VCARD</entity><date><dateTime uniqueElementName="dateTime">2026-02-06T11:30:14.00-05:00</dateTime><description><string language="es">Fecha de creación de los metadatos</string></description></date></contribute><metadataSchema>LOM-ESv1.0</metadataSchema><language>es</language></metaMetadata><technical uniqueElementName="technical"><otherPlatformRequirements><string language="es">editor: eXe Learning</string></otherPlatformRequirements></technical><educational><learningResourceType><source uniqueElementName="source">LOM-ESv1.0</source><value uniqueElementName="value">guided reading</value></learningResourceType><intendedEndUserRole><source uniqueElementName="source">LOM-ESv1.0</source><value uniqueElementName="value">learner</value></intendedEndUserRole><context><source uniqueElementName="source">LOM-ESv1.0</source><value uniqueElementName="value">presencial</value></context><context><source uniqueElementName="source">LOM-ESv1.0</source><value uniqueElementName="value">classroom</value></context><description><string language="es">CONOCIMIENTO PREVIO: Educación física y Neurociencia (Asignatura interdisciplinaria)</string></description><description><string language="es">OBJETIVOS: Diseñar y programar un robot educativo que fortalezca el desarrollo de la motricidad, la concentración y el pensamiento computacional  en los niños de 3 a 6 años mediante actividades  lúdicas con programación  por bloques.
</string></description><language>es</language></educational><rights uniqueElementName="rights"><copyrightAndOtherRestrictions uniqueElementName="copyrightAndOtherRestrictions"><source uniqueElementName="source">LOM-ESv1.0</source><value uniqueElementName="value">creative commons: attribution</value></copyrightAndOtherRestrictions><access uniqueElementName="access"><accessType uniqueElementName="accessType"><source uniqueElementName="source">LOM-ESv1.0</source><value uniqueElementName="value">universal</value></accessType><description><string language="en">Default</string></description></access></rights></lom>