<?xml version="1.0" encoding="UTF-8"?>
<!-- Generated by eXe - http://exelearning.net -->
<manifest identifier="eXeDOCENTE_1565f96cbc29386157741" xmlns="http://www.imsproject.org/xsd/imscp_rootv1p1p2" xmlns:adlcp="http://www.adlnet.org/xsd/adlcp_rootv1p2" xmlns:imsmd="http://www.imsglobal.org/xsd/imsmd_v1p2" xmlns:xsi="http://www.w3.org/2001/XMLSchema-instance" xsi:schemaLocation="http://www.imsproject.org/xsd/imscp_rootv1p1p2 imscp_rootv1p1p2.xsd http://www.imsglobal.org/xsd/imsmd_rootv1p2p1 imsmd_rootv1p2p1.xsd http://www.adlnet.org/xsd/adlcp_rootv1p2 adlcp_rootv1p2.xsd" > 
<metadata> 
 <schema>ADL SCORM</schema> 
 <schemaversion>1.2</schemaversion> 
 <adlcp:location>imslrm.xml</adlcp:location> 
</metadata> 
<organizations default="eXeDOCENTE_1565f96cbc29386157742">  
    <organization identifier="eXeDOCENTE_1565f96cbc29386157742" structure="hierarchical">
        <title>Proyecto de robótica educativa "Juego de Operando"</title>
<item identifier="ITEM-eXeDOCENTE_1565f96cbc29386157743" isvisible="true" identifierref="RES-eXeDOCENTE_1565f96cbc29386157744">
    <title>INICIO 🏠</title>
<item identifier="ITEM-eXeDOCENTE_1565f96cbc29386157755" isvisible="true" identifierref="RES-eXeDOCENTE_1565f96cbc29386157756">
    <title>1 - INFORMACION 📂</title>
</item>
<item identifier="ITEM-eXeDOCENTE_1565f96cbc29386157777" isvisible="true" identifierref="RES-eXeDOCENTE_1565f96cbc29386157778">
    <title>2 - PROBLEMA O NECESIDAD EDUCATIVA 📂</title>
</item>
<item identifier="ITEM-eXeDOCENTE_1565f96cbc29386157799" isvisible="true" identifierref="RES-eXeDOCENTE_1565f96cbc2938615779a">
    <title>3 - DISEÑO PEDAGÓGICO DEL REA</title>
</item>
<item identifier="ITEM-eXeDOCENTE_1565f96cbc293861577ab" isvisible="true" identifierref="RES-eXeDOCENTE_1565f96cbc293861577ac">
    <title>4 - GUÍA DE IMPLEMENTACIÓN</title>
</item>
<item identifier="ITEM-eXeDOCENTE_1565f96cbc293861577bd" isvisible="true" identifierref="RES-eXeDOCENTE_1565f96cbc293861577be">
    <title>5 - EVALUACIÓN DEL APRENDIZAJE</title>
</item>
<item identifier="ITEM-eXeDOCENTE_1565f96cbc293861577cf" isvisible="true" identifierref="RES-eXeDOCENTE_1565f96cbc293861577c10">
    <title>6 - ADAPTACIONES Y ATENCIÓN A LA DIVERSIDAD</title>
</item>
<item identifier="ITEM-eXeDOCENTE_1565f96cbc293861577c11" isvisible="true" identifierref="RES-eXeDOCENTE_1565f96cbc293861577c12">
    <title>7 - RECOMENDACIONES TÉCNICAS BÁSICAS</title>
</item>
<item identifier="ITEM-eXeDOCENTE_1565f96cbc293861577c13" isvisible="true" identifierref="RES-eXeDOCENTE_1565f96cbc293861577c14">
    <title>8 - LICENCIA CC</title>
</item>
</item>
  </organization>
</organizations>
<resources>
  <resource identifier="RES-eXeDOCENTE_1565f96cbc29386157744" type="webcontent" adlcp:scormtype="sco" href="index.html"> 
    <file href="index.html"/> 
    <file href="exe_html5.js"/>
    <file href="WhatsApp_Video_2026-01-18_at_19.51.09.mp4"/>
    <dependency identifierref="COMMON_FILES"/>
  </resource>
  <resource identifier="RES-eXeDOCENTE_1565f96cbc29386157756" type="webcontent" adlcp:scormtype="sco" href="1__informacion_.html"> 
    <file href="1__informacion_.html"/> 
    <file href="exe_html5.js"/>
    <file href="72b350ed-cb9c-4da2-b3de-f1930e1f873a.jpg"/>
    <dependency identifierref="COMMON_FILES"/>
  </resource>
  <resource identifier="RES-eXeDOCENTE_1565f96cbc29386157778" type="webcontent" adlcp:scormtype="sco" href="2__problema_o_necesidad_educativa_.html"> 
    <file href="2__problema_o_necesidad_educativa_.html"/> 
    <file href="exe_html5.js"/>
    <file href="12345.jpg"/>
    <file href="maxresdefault.jpg"/>
    <file href="234.jpg"/>
    <dependency identifierref="COMMON_FILES"/>
  </resource>
  <resource identifier="RES-eXeDOCENTE_1565f96cbc2938615779a" type="webcontent" adlcp:scormtype="sco" href="3__diseo_pedaggico_del_rea.html"> 
    <file href="3__diseo_pedaggico_del_rea.html"/> 
    <file href="exe_html5.js"/>
    <dependency identifierref="COMMON_FILES"/>
  </resource>
  <resource identifier="RES-eXeDOCENTE_1565f96cbc293861577ac" type="webcontent" adlcp:scormtype="sco" href="4__gua_de_implementacin.html"> 
    <file href="4__gua_de_implementacin.html"/> 
    <file href="exe_html5.js"/>
    <file href="12.jpeg"/>
    <file href="7.jpeg"/>
    <file href="10.jpeg"/>
    <file href="8.jpeg"/>
    <file href="img1.1.jpeg"/>
    <file href="9.jpeg"/>
    <file href="3.jpeg"/>
    <file href="NECESIDAD1.jpeg"/>
    <file href="5.jpeg"/>
    <file href="1.jpeg"/>
    <file href="img0.2.jpeg"/>
    <file href="13.jpeg"/>
    <file href="img0.jpeg"/>
    <file href="img1.jpeg"/>
    <file href="2.jpeg"/>
    <file href="img2.jpeg"/>
    <file href="img0.1.jpeg"/>
    <file href="4.jpeg"/>
    <file href="11.jpeg"/>
    <dependency identifierref="COMMON_FILES"/>
  </resource>
  <resource identifier="RES-eXeDOCENTE_1565f96cbc293861577be" type="webcontent" adlcp:scormtype="sco" href="5__evaluacin_del_aprendizaje.html"> 
    <file href="5__evaluacin_del_aprendizaje.html"/> 
    <file href="exe_html5.js"/>
    <dependency identifierref="COMMON_FILES"/>
  </resource>
  <resource identifier="RES-eXeDOCENTE_1565f96cbc293861577c10" type="webcontent" adlcp:scormtype="sco" href="6__adaptaciones_y_atencin_a_la_diversidad.html"> 
    <file href="6__adaptaciones_y_atencin_a_la_diversidad.html"/> 
    <file href="exe_html5.js"/>
    <file href="img0.3.jpeg"/>
    <file href="img1.2.jpeg"/>
    <dependency identifierref="COMMON_FILES"/>
  </resource>
  <resource identifier="RES-eXeDOCENTE_1565f96cbc293861577c12" type="webcontent" adlcp:scormtype="sco" href="7__recomendaciones_tcnicas_bsicas.html"> 
    <file href="7__recomendaciones_tcnicas_bsicas.html"/> 
    <file href="exe_html5.js"/>
    <file href="NECESIDAD1.jpeg"/>
    <file href="NECESIDAD2.jpeg"/>
    <dependency identifierref="COMMON_FILES"/>
  </resource>
  <resource identifier="RES-eXeDOCENTE_1565f96cbc293861577c14" type="webcontent" adlcp:scormtype="sco" href="8__licencia_cc.html"> 
    <file href="8__licencia_cc.html"/> 
    <file href="exe_html5.js"/>
    <file href="DOCENTE_15.elp"/>
    <file href="download-package-licenses.png"/>
    <file href="download-package.css"/>
    <dependency identifierref="COMMON_FILES"/>
  </resource>
  <resource identifier="COMMON_FILES" type="webcontent" adlcp:scormtype="asset">
    <file href="config.xml"/>
    <file href="content.css"/>
    <file href="icon_account.png"/>
    <file href="icon_account_black.png"/>
    <file href="icon_account_white.png"/>
    <file href="icon_alarm.png"/>
    <file href="icon_alarm_black.png"/>
    <file href="icon_alarm_white.png"/>
    <file href="icon_announcement.png"/>
    <file href="icon_announcement_black.png"/>
    <file href="icon_announcement_white.png"/>
    <file href="icon_assessment.png"/>
    <file href="icon_assessment_black.png"/>
    <file href="icon_assessment_white.png"/>
    <file href="icon_assignment.png"/>
    <file href="icon_assignment_black.png"/>
    <file href="icon_assignment_list.png"/>
    <file href="icon_assignment_list_black.png"/>
    <file href="icon_assignment_list_white.png"/>
    <file href="icon_assignment_white.png"/>
    <file href="icon_backup.png"/>
    <file href="icon_backup_black.png"/>
    <file href="icon_backup_white.png"/>
    <file href="icon_camera.png"/>
    <file href="icon_camera_black.png"/>
    <file href="icon_camera_white.png"/>
    <file href="icon_description.png"/>
    <file href="icon_description_black.png"/>
    <file href="icon_description_white.png"/>
    <file href="icon_download.png"/>
    <file href="icon_download_black.png"/>
    <file href="icon_download_white.png"/>
    <file href="icon_event.png"/>
    <file href="icon_event_black.png"/>
    <file href="icon_event_white.png"/>
    <file href="icon_exit.png"/>
    <file href="icon_exit_black.png"/>
    <file href="icon_exit_white.png"/>
    <file href="icon_explore.png"/>
    <file href="icon_explore_black.png"/>
    <file href="icon_explore_white.png"/>
    <file href="icon_info.png"/>
    <file href="icon_info_black.png"/>
    <file href="icon_info_white.png"/>
    <file href="icon_media.png"/>
    <file href="icon_media_black.png"/>
    <file href="icon_media_white.png"/>
    <file href="icon_note.png"/>
    <file href="icon_note_black.png"/>
    <file href="icon_note_white.png"/>
    <file href="icon_puzzle.png"/>
    <file href="icon_puzzle_black.png"/>
    <file href="icon_puzzle_white.png"/>
    <file href="icon_question.png"/>
    <file href="icon_question_black.png"/>
    <file href="icon_question_white.png"/>
    <file href="icon_renew.png"/>
    <file href="icon_renew_black.png"/>
    <file href="icon_renew_white.png"/>
    <file href="icon_search.png"/>
    <file href="icon_search_black.png"/>
    <file href="icon_search_white.png"/>
    <file href="icon_star.png"/>
    <file href="icon_star_black.png"/>
    <file href="icon_star_white.png"/>
    <file href="icon_unread.png"/>
    <file href="icon_unread_black.png"/>
    <file href="icon_unread_white.png"/>
    <file href="icon_wifi.png"/>
    <file href="icon_wifi_black.png"/>
    <file href="icon_wifi_white.png"/>
    <file href="nav.css"/>
    <file href="patron-verde-vectores-gratis.jpg"/>
    <file href="Portada_Mesa de trabajo 1.jpg"/>
    <file href="_style_icons.png"/>
    <file href="_style_icons_black.png"/>
    <file href="_style_icons_white.png"/>
    <file href="_style_input_checkbox.png"/>
    <file href="_style_input_radio.png"/>
    <file href="_style_js.js"/>
    <file href="_style_licenses.png"/>
    <file href="base.css"/>
    <file href="popup_bg.gif"/>
    <file href="exe_powered_logo.png"/>
    <file href="SCORM_API_wrapper.js"/>
    <file href="SCOFunctions.js"/>
    <file href="common.js"/>
    <file href="common_i18n.js"/>
    <file href="exe_jquery.js"/>
    <file href="content.xsd"/>
    <file href="content.data"/>
    <file href="contentv3.xml"/>
    <file href="imslrm.xml"/>
  </resource>
</resources>
</manifest>
